City_ID,City,Lat,Lng,Max Temp,Humidity,Cloudiness,Wind Speed,Country,Date
0,montenegro,42.5,19.3,6.15,87,0,1.03,ME,1675381999
1,pokrovsk,48.282,37.1758,-2.53,92,61,3.53,UA,1675382000
2,kodiak,57.79,-152.4072,1.73,75,75,1.54,US,1675382001
3,ushuaia,-54.8,-68.3,14.81,63,0,8.23,AR,1675382002
4,saint-georges,12.0564,-61.7485,24.82,78,20,3.09,GD,1675381887
5,busselton,-33.65,115.3333,19.97,60,6,6.94,AU,1675382003
6,puerto ayora,-0.7393,-90.3518,26.42,93,100,3.58,EC,1675382003
7,abu samrah,35.3029,37.1841,5.08,76,12,2.62,SY,1675382004
8,jamestown,42.097,-79.2353,1.77,46,0,6.71,US,1675381812
9,santa rosa,14.3122,121.1114,27.27,75,41,5.64,PH,1675381882
10,provideniya,64.3833,-173.3,-8.94,67,40,9.0,RU,1675381847
11,kapaa,22.0752,-159.319,27.18,80,20,3.6,US,1675382005
12,butaritari,3.0707,172.7902,27.2,78,92,8.14,KI,1675382006
13,mataura,-46.1927,168.8643,29.09,41,31,2.78,NZ,1675382007
14,rikitea,-23.1203,-134.9692,26.32,70,78,6.4,PF,1675382007
15,abha,18.2164,42.5053,9.14,62,0,0.0,SA,1675381872
16,katsuura,35.1333,140.3,5.14,91,100,7.19,JP,1675382008
17,alofi,-19.0595,-169.9187,26.94,89,100,3.09,NU,1675382009
18,bengkulu,-3.8004,102.2655,23.63,86,99,1.93,ID,1675382010
19,castro,-24.7911,-50.0119,18.27,96,100,3.07,BR,1675382010
20,codrington,-38.2667,141.9667,13.69,65,99,8.93,AU,1675382011
21,zabol,32.25,67.25,0.15,75,100,3.71,AF,1675382011
22,castlegar,49.2998,-117.6689,4.05,96,100,0.53,CA,1675382012
23,saint-philippe,-21.3585,55.7679,23.77,89,62,5.69,RE,1675382013
24,port lincoln,-34.7333,135.8667,15.9,53,100,11.19,AU,1675381866
25,barrow,71.2906,-156.7887,-17.99,78,100,6.17,US,1675382014
26,khatanga,71.9667,102.5,-36.87,100,49,0.99,RU,1675382014
27,bambous virieux,-20.3428,57.7575,25.14,88,75,0.0,MU,1675382015
28,lloydminster,53.2835,-110.0016,-19.88,71,100,7.2,CA,1675382015
29,hermanus,-34.4187,19.2345,16.0,80,4,3.21,ZA,1675381781
30,kaitangata,-46.2817,169.8464,25.02,57,25,2.37,NZ,1675382016
31,thompson,55.7435,-97.8558,-27.91,63,20,5.14,CA,1675382017
32,berlevag,70.8578,29.0864,-6.0,86,40,6.69,NO,1675382017
33,poum,-20.2333,164.0167,27.99,73,100,8.9,NC,1675382018
34,nelson bay,-32.7167,152.15,30.61,45,0,2.68,AU,1675382019
35,puri,19.8,85.85,16.29,47,7,4.26,IN,1675382019
36,new norfolk,-42.7826,147.0587,17.73,40,6,1.35,AU,1675382020
37,arraial do cabo,-22.9661,-42.0278,24.53,88,34,3.55,BR,1675382020
38,bubaque,11.2833,-15.8333,24.81,67,65,6.53,GW,1675382021
39,decatur,39.8403,-88.9548,6.03,45,0,6.17,US,1675381945
40,hobart,-42.8794,147.3294,17.92,55,20,2.06,AU,1675382022
41,haines junction,60.7522,-137.5108,-10.03,73,100,1.03,CA,1675382023
42,atuona,-9.8,-139.0333,26.0,75,66,9.0,PF,1675382023
43,vaini,-21.2,-175.2,28.09,89,75,5.66,TO,1675382024
44,torbay,47.6666,-52.7314,-7.63,75,75,4.12,CA,1675382024
45,airai,-8.9266,125.4092,17.09,96,100,1.09,TL,1675381882
46,palmer,42.1584,-72.3287,0.69,52,20,4.12,US,1675381822
47,camocim,-2.9022,-40.8411,25.23,89,100,4.39,BR,1675382026
48,aleksandrovskiy zavod,50.9237,117.9374,-29.03,99,63,1.44,RU,1675382027
49,tuatapere,-46.1333,167.6833,25.11,58,39,0.35,NZ,1675382027
50,sioux lookout,50.1001,-91.917,-26.96,58,0,6.17,CA,1675382028
51,mahebourg,-20.4081,57.7,25.16,88,75,0.0,MU,1675382029
52,ambulu,-8.345,113.6058,23.78,91,100,0.86,ID,1675382029
53,punta arenas,-53.15,-70.9167,16.06,51,0,10.29,CL,1675382030
54,constitucion,-35.3333,-72.4167,17.81,68,1,6.72,CL,1675382031
55,rock springs,41.5875,-109.2029,-0.31,59,0,9.77,US,1675381790
56,nouadhibou,20.931,-17.0347,18.99,45,92,4.12,MR,1675382031
57,shahr-e babak,30.1165,55.1186,5.37,89,67,2.44,IR,1675382032
58,cape town,-33.9258,18.4232,18.84,70,0,8.05,ZA,1675382033
59,bandarbeyla,9.4942,50.8122,23.44,70,9,6.58,SO,1675382033
60,ponta do sol,32.6667,-17.1,15.35,54,37,3.7,PT,1675382034
61,port alfred,-33.5906,26.891,20.66,91,31,1.79,ZA,1675382035
62,san jose,37.3394,-121.895,17.38,44,75,3.09,US,1675381924
63,carnarvon,-24.8667,113.6333,29.41,58,20,1.4,AU,1675382035
64,guerrero,17.6667,-100.0,24.22,42,10,1.17,MX,1675382036
65,san cristobal,7.7669,-72.225,22.1,55,3,0.79,VE,1675382037
66,hobyo,5.3505,48.5268,24.21,71,74,7.81,SO,1675382037
67,chalus,36.655,51.4204,8.7,93,20,3.09,IR,1675382038
68,indianola,41.3581,-93.5574,-9.73,62,34,2.68,US,1675382038
69,kruisfontein,-34.0033,24.7314,16.32,94,1,2.51,ZA,1675382039
70,gainesville,29.6516,-82.3248,24.39,68,20,5.66,US,1675381552
71,yellowknife,62.456,-114.3525,-28.58,76,20,4.63,CA,1675381556
72,dikson,73.5069,80.5464,-16.04,92,100,2.48,RU,1675381888
73,namibe,-15.1961,12.1522,22.39,75,67,1.93,AO,1675382041
74,hilo,19.7297,-155.09,29.04,75,40,6.17,US,1675382041
75,port blair,11.6667,92.75,25.02,88,40,0.0,IN,1675382042
76,saint george,37.1041,-113.5841,12.75,31,0,0.89,US,1675381942
77,bowen,-20.0167,148.2333,28.85,69,96,2.25,AU,1675382044
78,norman wells,65.282,-126.8329,-32.98,68,20,1.03,CA,1675382044
79,tulu bolo,8.6667,38.2167,12.47,48,96,2.07,ET,1675382045
80,xuchang,34.0167,113.8167,-2.11,52,7,2.33,CN,1675382046
81,hervey bay,-25.2986,152.8535,27.02,81,66,3.48,AU,1675382046
82,bluff,-46.6,168.3333,19.41,83,41,2.22,NZ,1675382047
83,sur,22.5667,59.5289,18.95,67,0,0.32,OM,1675382048
84,homer,59.6425,-151.5483,1.69,87,100,0.0,US,1675382049
85,ribeira grande,38.5167,-28.7,15.99,88,9,8.05,PT,1675382049
86,fortuna,40.5982,-124.1573,17.51,23,0,7.2,US,1675382050
87,tiksi,71.6872,128.8694,-34.1,98,83,3.19,RU,1675382051
88,takoradi,4.8845,-1.7554,26.37,88,13,2.22,GH,1675382053
89,sobolevo,54.4299,31.8996,-0.67,98,100,4.55,RU,1675382054
90,maravilha,-26.7608,-53.1725,22.56,81,61,1.07,BR,1675382054
91,east london,-33.0153,27.9116,22.66,83,65,1.21,ZA,1675382055
92,severo-kurilsk,50.6789,156.125,-2.64,76,100,19.36,RU,1675382055
93,albany,42.6001,-73.9662,0.36,50,12,3.2,US,1675381902
94,hasaki,35.7333,140.8333,4.56,65,100,7.1,JP,1675382057
95,raver,21.25,76.0333,16.21,20,100,2.9,IN,1675382057
96,kabansk,52.0486,106.6528,-17.31,96,86,2.17,RU,1675382058
97,lakatoro,-16.0999,167.4164,29.9,67,30,2.0,VU,1675382058
98,georgetown,5.4112,100.3354,24.96,100,20,0.51,MY,1675381847
99,pevek,69.7008,170.3133,-26.0,99,70,1.38,RU,1675381918
100,tondano,1.3038,124.9112,19.05,82,100,0.89,ID,1675382060
101,mar del plata,-38.0023,-57.5575,21.16,88,40,6.71,AR,1675381844
102,narsaq,60.9167,-46.05,-11.88,93,70,3.12,GL,1675381854
103,ahipara,-35.1667,173.1667,24.07,83,98,4.21,NZ,1675382061
104,tagusao,9.1924,117.8141,25.92,79,100,2.13,PH,1675382062
105,donskoye,45.4552,41.9741,0.07,88,99,1.69,RU,1675382063
106,obihiro,42.9172,143.2044,-17.33,75,57,3.28,JP,1675382063
107,vancouver,49.2497,-123.1193,8.49,75,100,3.09,CA,1675381919
108,gimli,50.6336,-96.9907,-24.99,53,78,2.57,CA,1675382065
109,tuktoyaktuk,69.4541,-133.0374,-38.0,67,40,2.57,CA,1675382065
110,pietrosani,45.1833,24.85,-1.82,86,38,2.1,RO,1675382066
111,chokurdakh,70.6333,147.9167,-28.36,100,99,1.57,RU,1675381891
112,gonzalez,30.5816,-87.2914,21.91,86,100,4.12,US,1675381853
113,noshiro,40.2039,140.0242,-3.54,66,100,6.18,JP,1675382068
114,goderich,43.7501,-81.7165,-2.83,86,100,11.83,CA,1675382069
115,kyzyl-suu,42.3414,78.0056,-2.08,65,96,3.05,KG,1675382070
116,victoria,22.2855,114.1577,17.4,81,81,3.58,HK,1675381792
117,nemuro,43.3236,145.575,-8.33,73,18,5.2,JP,1675382071
118,havre-saint-pierre,50.2334,-63.5986,-6.0,85,40,2.57,CA,1675382071
119,hayvoron,48.3396,29.8679,-0.45,86,66,3.08,UA,1675382072
120,husavik,66.0449,-17.3389,0.34,96,100,1.51,IS,1675381868
121,rio grande,-32.035,-52.0986,25.06,84,92,6.33,BR,1675382073
122,bredasdorp,-34.5322,20.0403,16.44,79,1,0.93,ZA,1675382073
123,bethel,41.3712,-73.414,2.17,45,0,2.06,US,1675382074
124,urengoy,65.9667,78.3667,-18.95,100,32,2.59,RU,1675382075
125,muncar,-8.4333,114.3333,24.62,92,100,0.74,ID,1675382075
126,margate,51.3813,1.3862,9.37,79,59,1.79,GB,1675381859
127,surin,14.8818,103.4936,25.21,74,32,2.35,TH,1675382076
128,churapcha,62.0025,132.4325,-32.59,99,100,1.72,RU,1675382029
129,maumere,-8.6199,122.2111,26.78,80,100,1.47,ID,1675382077
130,brae,60.3964,-1.353,6.77,77,85,16.81,GB,1675382078
131,inhambane,-23.865,35.3833,24.07,81,9,3.06,MZ,1675382079
132,saryagash,41.4511,69.1701,4.98,85,80,1.65,KZ,1675382079
133,tessalit,20.1986,1.0114,15.57,15,19,6.64,ML,1675382080
134,saint-pierre,-21.3393,55.4781,23.82,88,100,1.54,RE,1675382080
135,cidreira,-30.1811,-50.2056,24.93,84,99,5.9,BR,1675382081
136,pinawa,50.1489,-95.8811,-28.44,96,100,2.14,CA,1675382082
137,kushmurun,52.4503,64.6311,-18.03,92,100,2.14,KZ,1675382083
138,oksfjord,70.2396,22.3479,-3.9,88,84,2.64,NO,1675382083
139,cherskiy,68.75,161.3,-28.0,100,97,1.02,RU,1675382084
140,saskylakh,71.9167,114.0833,-25.39,99,100,0.87,RU,1675382085
141,ostrovnoy,68.0531,39.5131,-6.48,90,100,2.78,RU,1675382086
142,borodyanka,50.6448,29.9201,1.39,95,100,2.43,UA,1675382086
143,qaanaaq,77.484,-69.3632,-15.99,61,19,4.56,GL,1675382087
144,lebu,-37.6167,-73.65,15.91,84,0,10.94,CL,1675381929
145,luanda,-8.8368,13.2343,25.79,82,54,4.03,AO,1675381812
146,la ronge,55.1001,-105.2842,-22.86,54,75,0.0,CA,1675382088
147,tezu,27.9167,96.1667,15.47,21,0,2.08,IN,1675382089
148,petropavlovsk-kamchatskiy,53.0452,158.6483,-7.67,53,75,5.0,RU,1675382090
149,hithadhoo,-0.6,73.0833,27.54,72,83,7.42,MV,1675382090
150,ibra,22.6906,58.5334,17.17,60,0,1.13,OM,1675382091
151,mecca,21.4267,39.8261,17.88,45,1,3.08,SA,1675382045
152,saint simons,31.1352,-81.3901,18.02,80,100,3.09,US,1675382092
153,dongsheng,39.8161,109.9776,-9.24,39,5,3.88,CN,1675382092
154,turayf,31.6725,38.6637,4.14,87,0,3.09,SA,1675382093
155,onguday,50.75,86.15,-18.52,98,44,1.2,RU,1675382094
156,ouesso,1.6136,16.0517,23.42,72,85,0.64,CG,1675382095
157,wasilla,61.5814,-149.4394,-0.15,86,100,0.0,US,1675382095
158,buala,-8.145,159.5921,28.51,75,99,2.15,SB,1675382096
159,tromso,69.6496,18.957,-5.99,93,75,1.03,NO,1675382097
160,coquimbo,-29.9533,-71.3436,17.85,82,40,4.63,CL,1675381996
161,aykhal,66.0,111.5,-26.92,98,100,2.18,RU,1675382097
162,chengde,40.9725,117.9361,-8.11,39,87,1.05,CN,1675382098
163,sao joao da barra,-21.6403,-41.0511,26.05,88,98,6.62,BR,1675382099
164,belmonte,-15.8631,-38.8828,24.78,79,0,3.29,BR,1675382100
165,caravelas,-17.7125,-39.2481,24.73,84,0,2.98,BR,1675382100
166,peterhead,57.5058,-1.7981,12.22,66,100,15.54,GB,1675382101
167,ambon,-3.6954,128.1814,28.08,69,40,1.03,ID,1675381925
168,winslow,35.0242,-110.6974,9.1,25,0,1.54,US,1675382102
169,puerto leguizamo,-0.1934,-74.7819,26.3,45,42,0.4,CO,1675382102
170,faanui,-16.4833,-151.75,27.27,78,23,8.06,PF,1675382103
171,yanaul,56.2719,54.9309,-15.81,99,95,1.68,RU,1675382104
172,santa ines,-3.6667,-45.38,22.84,97,99,1.48,BR,1675382104
173,yanji,42.9075,129.5078,-14.32,77,12,0.77,CN,1675382105
174,basna,21.2833,82.8167,12.36,22,51,1.76,IN,1675382106
175,porto novo,6.4965,2.6036,28.9,82,1,2.53,BJ,1675382106
176,hualmay,-11.0964,-77.6139,22.82,81,92,4.27,PE,1675382107
177,minab,27.1467,57.0801,18.64,87,4,1.95,IR,1675382108
178,dakoro,14.5106,6.765,21.36,21,22,4.63,NE,1675382108
179,hami,42.8,93.45,-5.01,59,75,1.99,CN,1675382109
180,lorengau,-2.0226,147.2712,29.03,70,68,1.42,PG,1675382110
181,ganzhou,28.8184,115.4327,5.14,75,100,1.57,CN,1675382110
182,udachnyy,66.4167,112.4,-29.2,74,100,1.39,RU,1675382111
183,dunedin,-45.8742,170.5036,23.99,61,45,2.07,NZ,1675382092
184,la grande,45.3246,-118.0877,4.87,47,68,4.56,US,1675382112
185,maragogi,-9.0122,-35.2225,26.25,76,26,4.31,BR,1675381866
186,fresnillo,23.1667,-102.8833,19.34,18,83,4.36,MX,1675382113
187,zhezkazgan,47.8043,67.7144,-6.26,95,100,5.26,KZ,1675382114
188,ponta delgada,37.7333,-25.6667,15.4,72,20,7.2,PT,1675382114
189,teya,60.3778,92.6267,-16.99,99,100,1.64,RU,1675382115
190,storm lake,42.6411,-95.2097,-16.88,60,0,6.17,US,1675382116
191,longyearbyen,78.2186,15.6401,-16.09,72,20,6.69,SJ,1675382116
192,rantauprapat,2.1,99.8333,22.77,96,100,0.59,ID,1675382117
193,grindavik,63.8424,-22.4338,3.26,75,75,17.49,IS,1675381887
194,khasan,42.4308,130.6434,-10.1,65,13,4.14,RU,1675382118
195,meadow lake,34.8014,-106.5436,9.71,34,0,2.35,US,1675382119
196,tocopilla,-22.092,-70.1979,22.39,80,23,1.89,CL,1675382120
197,walsrode,52.8667,9.6,8.08,91,100,7.62,DE,1675382120
198,banda aceh,5.5577,95.3222,25.03,82,100,2.14,ID,1675381880
199,tateyama,34.9833,139.8667,6.17,93,100,7.0,JP,1675382121
200,kampot,10.6167,104.1833,26.03,86,41,2.0,KH,1675382122
201,genhe,50.7833,121.5167,-33.06,100,86,0.43,CN,1675381996
202,cabo san lucas,22.8909,-109.9124,21.95,61,83,1.34,MX,1675381840
203,lagoa,39.05,-27.9833,14.63,86,39,11.1,PT,1675382123
204,clarence town,-32.5833,151.7833,30.53,28,0,3.21,AU,1675382124
205,eureka,40.8021,-124.1637,17.66,51,100,3.77,US,1675381854
206,marsa matruh,31.3525,27.2453,9.11,76,0,2.06,EG,1675382125
207,vilyuysk,63.7553,121.6247,-27.91,99,100,1.16,RU,1675382126
208,kavaratti,10.5669,72.642,26.37,78,78,2.78,IN,1675382127
209,nishihara,26.1842,127.7558,17.6,79,75,5.14,JP,1675382127
210,bonavista,48.6499,-53.1147,-6.92,73,85,7.71,CA,1675382128
211,piacabucu,-10.4056,-36.4344,26.1,80,75,4.2,BR,1675382129
212,podporozhye,60.9112,34.1706,-11.96,98,99,1.49,RU,1675382129
213,te anau,-45.4167,167.7167,19.04,91,78,1.58,NZ,1675382130
214,two hills,53.7169,-111.7518,-16.87,78,89,7.72,CA,1675382131
215,esperance,-33.8667,121.9,18.31,63,60,4.73,AU,1675382131
216,chernyshevskiy,63.0128,112.4714,-23.71,100,100,1.05,RU,1675382132
217,barra patuca,15.8,-84.2833,24.7,80,4,3.61,HN,1675382132
218,nikolskoye,59.7035,30.7861,-1.06,98,100,0.91,RU,1675382133
219,tautira,-17.7333,-149.15,27.0,80,11,7.91,PF,1675382134
220,wawa,9.9022,4.4192,28.01,22,13,2.44,NG,1675382134
221,mandera,3.9366,41.867,27.69,31,92,3.39,KE,1675382135
222,araouane,18.9048,-3.5265,15.62,15,35,6.02,ML,1675382136
223,ishim,56.1128,69.4902,-17.7,96,97,1.29,RU,1675382136
224,broome,42.2506,-75.833,0.37,50,0,3.6,US,1675382137
225,naze,28.3667,129.4833,13.51,63,4,4.29,JP,1675382138
226,mildura,-34.2,142.15,16.71,56,48,10.28,AU,1675382138
227,avera,33.194,-82.5271,10.21,93,100,2.61,US,1675382139
228,grand-lahou,5.1367,-5.0242,25.9,89,9,2.75,CI,1675382139
229,kawalu,-7.3817,108.2082,23.01,90,78,1.24,ID,1675382140
230,diffa,13.3154,12.6113,20.44,31,97,4.62,NE,1675382141
231,nyurba,63.2842,118.3319,-29.28,99,100,0.44,RU,1675382141
232,marzuq,14.4,46.4667,17.67,41,1,0.81,YE,1675382142
233,loandjili,-4.7561,11.8578,27.06,94,75,1.54,CG,1675382142
234,andenes,69.3143,16.1194,-3.37,86,96,6.17,NO,1675382143
235,vila velha,-20.3297,-40.2925,26.08,86,0,7.2,BR,1675381906
236,yeppoon,-23.1333,150.7333,28.88,54,87,2.43,AU,1675382144
237,alenquer,-1.9417,-54.7383,23.48,92,98,1.82,BR,1675382145
238,clyde river,70.4692,-68.5914,-29.87,57,40,2.57,CA,1675382145
239,omboue,-1.5746,9.2618,26.07,90,66,2.8,GA,1675382146
240,leira,43.1167,-8.4,6.12,73,0,1.22,ES,1675382147
241,cockburn town,21.4612,-71.1419,24.84,70,26,9.22,TC,1675382147
242,raudeberg,61.9875,5.1352,2.15,60,100,5.48,NO,1675382148
243,luena,-11.7833,19.9167,16.1,98,91,0.92,AO,1675382148
244,uenohara,35.6167,139.1167,5.03,61,99,1.8,JP,1675382149
245,erenhot,43.6475,111.9767,-11.06,42,72,2.72,CN,1675382150
246,vondrozo,-22.8167,47.2833,18.58,98,93,0.89,MG,1675382150
247,iqaluit,63.7506,-68.5145,-39.15,67,40,2.57,CA,1675382151
248,encruzilhada do sul,-30.5439,-52.5219,21.94,81,100,3.7,BR,1675382152
249,ust-tarka,55.5672,75.705,-23.2,100,52,0.27,RU,1675382152
250,dhandhuka,22.3667,71.9833,17.37,20,24,3.39,IN,1675382153
251,comarapa,-17.9,-64.4833,14.51,92,80,1.15,BO,1675382153
252,onokhoy,51.932,108.0747,-24.05,99,82,1.66,RU,1675382154
253,nome,64.5011,-165.4064,-12.96,92,40,0.0,US,1675381929
254,chaman,30.9236,66.4512,10.93,45,95,1.74,PK,1675382155
255,bonthe,7.5264,-12.505,25.21,91,41,2.25,SL,1675382155
256,mayna,54.1135,47.6231,-7.86,94,100,2.51,RU,1675382156
257,barcarena,-1.5058,-48.6258,25.03,91,100,5.01,BR,1675382157
258,paso de carrasco,-34.8603,-56.0522,20.08,94,40,9.77,UY,1675382158
259,aklavik,68.2191,-135.0107,-36.0,68,40,2.57,CA,1675382158
260,avarua,-21.2078,-159.775,29.03,79,97,6.17,CK,1675382159
261,iwaki,37.05,140.8833,3.9,49,95,1.34,JP,1675382160
262,isangel,-19.55,169.2667,30.18,70,29,4.62,VU,1675382161
263,vostok,46.4856,135.8833,-20.58,95,100,1.6,RU,1675382162
264,canutama,-6.5339,-64.3831,23.37,96,68,0.74,BR,1675382163
265,mackenzie,55.2999,-123.1698,-0.88,93,100,4.12,CA,1675382118
266,shamgarh,24.1833,75.6333,13.5,41,98,1.54,IN,1675382163
267,sitka,57.0531,-135.33,4.94,87,100,2.57,US,1675381930
268,jacareacanga,-6.2222,-57.7528,24.27,82,69,0.75,BR,1675382165
269,lavrentiya,65.5833,-171.0,-18.22,93,10,2.7,RU,1675381900
270,vanimo,-2.6741,141.3028,28.78,67,100,0.34,PG,1675382166
271,jimeta,9.2833,12.4667,25.84,20,1,0.47,NG,1675382166
272,tupik,54.4253,119.9327,-32.58,99,91,0.93,RU,1675382167
273,lashio,22.9333,97.75,14.06,71,80,0.71,MM,1675382168
274,fort-shevchenko,44.5086,50.263,4.64,84,100,1.31,KZ,1675382168
275,bend,44.0582,-121.3153,11.92,32,0,4.12,US,1675382097
276,fare,-16.7,-151.0167,27.27,78,3,7.87,PF,1675382169
277,marsh harbour,26.5412,-77.0636,23.84,73,0,3.08,BS,1675382170
278,salisbury,51.0693,-1.7957,9.25,93,100,4.12,GB,1675382171
279,laguna,38.421,-121.4238,15.59,54,0,1.54,US,1675382171
280,praia,14.9215,-23.5087,21.3,73,75,9.77,CV,1675382172
281,kovur,14.4833,79.9833,22.44,83,38,2.23,IN,1675382172
282,mount gambier,-37.8333,140.7667,12.51,68,85,6.31,AU,1675382173
283,zharkent,44.1628,80.0,-2.83,97,100,2.7,KZ,1675382174
284,tual,-5.6667,132.75,28.45,75,100,7.12,ID,1675382174
285,butembo,0.15,29.2833,14.44,74,48,1.47,CD,1675382175
286,changji,44.0167,87.3167,-13.56,85,75,1.0,CN,1675382176
287,ilulissat,69.2167,-51.1,-12.99,66,75,4.63,GL,1675382176
288,adrar,20.5022,-10.0711,14.4,16,31,5.44,MR,1675382177
289,menongue,-14.6585,17.691,17.48,97,100,2.93,AO,1675382177
290,tasiilaq,65.6145,-37.6368,-5.91,90,100,2.65,GL,1675382178
291,burnie,-41.0667,145.9167,13.22,70,88,2.15,AU,1675382179
292,garden city,42.3256,-83.331,0.14,62,100,10.8,US,1675382179
293,maceio,-9.6658,-35.7353,25.69,88,20,2.06,BR,1675381635
294,pingliang,35.5392,106.6861,-1.57,49,36,1.01,CN,1675382180
295,hambantota,6.1241,81.1185,24.33,89,100,5.68,LK,1675381886
296,vila franca do campo,37.7167,-25.4333,15.23,82,67,5.31,PT,1675382181
297,nanortalik,60.1432,-45.2371,-11.48,83,99,4.15,GL,1675382182
298,paamiut,61.994,-49.6678,-18.3,93,98,6.34,GL,1675382182
299,krasnoselkup,65.7,82.4667,-18.66,99,51,3.46,RU,1675382183
300,fukue,32.6881,128.8419,8.2,71,75,1.54,JP,1675382184
301,port-cartier,50.0334,-66.8654,-10.14,93,100,0.7,CA,1675382185
302,havoysund,70.9963,24.6622,-3.87,77,100,2.0,NO,1675382185
303,guatire,10.4762,-66.5427,18.38,93,9,0.76,VE,1675382186
304,yar-sale,66.8333,70.8333,-15.38,96,22,3.77,RU,1675382059
305,ende,-8.8432,121.6623,26.23,87,100,3.28,ID,1675382187
306,chancay,-11.5714,-77.2672,22.51,84,85,3.09,PE,1675382188
307,hokitika,-42.7167,170.9667,20.69,83,100,1.77,NZ,1675382188
308,dalvik,65.9702,-18.5286,0.96,88,100,3.77,IS,1675382190
309,shangrao,28.4532,117.9686,5.68,91,100,1.55,CN,1675382190
310,vestmannaeyjar,63.4427,-20.2734,4.18,64,100,13.96,IS,1675381906
311,bokhan,53.153,103.7714,-23.24,100,100,1.01,RU,1675382191
312,chuy,-33.6971,-53.4616,20.37,87,100,5.79,UY,1675382192
313,pitimbu,-7.4706,-34.8086,27.33,73,7,6.19,BR,1675382193
314,la asuncion,11.0333,-63.8628,23.74,79,0,6.35,VE,1675382193
315,walvis bay,-22.9575,14.5053,18.38,82,98,2.06,NA,1675382194
316,port augusta,-32.5,137.7667,18.62,37,59,9.12,AU,1675382115
317,kasangulu,-4.5911,15.1708,24.49,89,55,0.58,CD,1675382195
318,forestville,38.8451,-76.875,3.36,81,100,4.63,US,1675382196
319,verkhoyansk,67.5447,133.385,-31.28,99,100,0.12,RU,1675382196
320,salalah,17.0151,54.0924,20.05,73,20,2.06,OM,1675382197
321,carnot,4.9409,15.8665,21.03,65,67,1.22,CF,1675382197
322,emba,48.8264,58.1442,-12.95,88,99,3.61,KZ,1675381993
323,ureki,41.9956,41.7786,2.98,80,100,3.6,GE,1675382198
324,sungairaya,0.7,108.9,24.87,89,100,1.21,ID,1675382199
325,tokmak,47.2514,35.7058,0.22,90,96,3.25,UA,1675382199
326,san jeronimo,-11.9472,-75.2829,11.32,84,77,2.13,PE,1675382200
327,rafai,4.95,23.9167,24.18,34,73,0.57,CF,1675382201
328,ulaangom,49.9811,92.0667,-28.86,94,50,1.12,MN,1675382201
329,livingston,55.9029,-3.5226,10.2,85,100,11.83,GB,1675382071
330,samarai,-10.6167,150.6667,29.04,72,100,3.5,PG,1675382202
331,meulaboh,4.1363,96.1285,24.27,90,100,2.13,ID,1675382203
332,nagato,34.3833,131.2,6.73,65,95,1.72,JP,1675382203
333,guiyang,26.5833,106.7167,5.27,93,100,2.0,CN,1675382204
334,mnogovershinnyy,53.9353,139.9242,-26.3,93,52,2.13,RU,1675382205
335,holoby,51.0865,25.0077,1.7,95,100,6.65,UA,1675382205
336,duldurga,50.6761,113.5931,-21.77,98,31,1.76,RU,1675382206
337,kefamenanu,-9.4467,124.4781,22.84,93,100,0.79,ID,1675382207
338,san policarpo,12.1791,125.5072,26.27,84,18,7.6,PH,1675381931
339,tame,6.461,-71.73,24.92,42,2,2.03,CO,1675382208
340,lipovtsy,44.2014,131.7244,-16.43,81,5,1.26,RU,1675382209
341,sao paulo de olivenca,-3.3783,-68.8725,22.28,98,96,0.66,BR,1675382209
342,ouargaye,11.5033,0.0572,28.42,17,47,2.85,BF,1675382210
343,kamenka,51.3223,42.7678,-7.06,97,87,2.5,RU,1675382210
344,oussouye,12.485,-16.5469,23.1,58,44,4.54,SN,1675382211
345,benjamin constant,-4.3831,-70.0311,24.07,94,100,3.09,BR,1675382212
346,yumen,40.2833,97.2,-5.79,39,36,2.44,CN,1675382212
347,zhuhai,22.2769,113.5678,19.36,82,20,3.6,CN,1675382213
348,mezen,65.8522,44.24,-11.77,98,94,1.87,RU,1675382213
349,luderitz,-26.6481,15.1594,17.21,69,4,8.8,NA,1675382214
350,baykalsk,51.5058,104.1469,-13.91,79,10,2.85,RU,1675382251
351,beringovskiy,63.05,179.3167,-13.18,93,100,6.0,RU,1675382252
352,siloam springs,36.1881,-94.5405,3.34,68,0,2.06,US,1675382253
353,chokwe,-24.5333,32.9833,24.18,74,94,1.66,MZ,1675382254
354,katima mulilo,-17.5,24.2667,19.19,96,100,1.0,NA,1675382254
355,sabya,17.1495,42.6254,24.79,71,7,3.52,SA,1675382255
356,saint-francois,46.4154,3.9054,4.82,86,100,0.51,FR,1675382123
357,nizhnevartovsk,60.9344,76.5531,-13.99,100,100,0.0,RU,1675382256
358,vao,-22.6667,167.4833,27.03,81,68,5.39,NC,1675382257
359,kulhudhuffushi,6.6221,73.07,26.49,77,99,4.8,MV,1675382257
360,port arthur,38.8,121.2667,-3.81,54,64,4.26,CN,1675382258
361,kaeo,-35.1,173.7833,24.07,97,100,4.13,NZ,1675381965
362,jalu,29.0331,21.5482,11.13,51,61,1.31,LY,1675382259
363,tammisaari,59.9736,23.4339,-1.72,87,73,3.22,FI,1675382260
364,store heddinge,55.3097,12.3889,1.82,84,100,7.24,DK,1675382264
365,port elizabeth,-33.918,25.5701,20.16,92,75,5.14,ZA,1675382265
366,alice springs,-23.7,133.8833,21.75,46,0,6.69,AU,1675382266
367,imbituba,-28.24,-48.6703,24.4,92,62,1.36,BR,1675382266
368,asau,46.4333,26.4,-1.49,93,54,2.84,RO,1675382268
369,carutapera,-1.195,-46.02,23.25,96,96,1.6,BR,1675382269
370,ormara,25.2088,64.6357,19.93,57,0,3.62,PK,1675382269
371,rio gallegos,-51.6226,-69.2181,24.03,29,0,8.23,AR,1675382270
372,celina,40.5489,-84.5702,1.81,71,14,6.06,US,1675382271
373,george,-33.963,22.4617,15.75,100,75,1.54,ZA,1675382271
374,shimoda,34.6667,138.95,7.2,79,100,7.0,JP,1675382272
375,jos,9.9167,8.9,19.29,25,4,2.6,NG,1675382273
376,tecoanapa,16.5167,-98.75,28.04,60,2,3.39,MX,1675382274
377,edd,13.9297,41.6925,23.84,83,3,3.08,ER,1675382275
378,poronaysk,49.2167,143.1167,-19.08,80,100,2.13,RU,1675382275
379,cayenne,4.9333,-52.3333,23.02,100,100,1.03,GF,1675382276
380,baykit,61.67,96.37,-22.11,100,95,1.09,RU,1675382277
381,callaway,30.153,-85.5699,22.19,97,100,3.6,US,1675382277
382,ancud,-41.8697,-73.8203,15.53,84,16,1.19,CL,1675382278
383,chipinge,-20.1883,32.6236,17.79,87,67,1.57,ZW,1675382279
384,jacqueville,5.2052,-4.4146,26.64,86,16,2.89,CI,1675382280
385,pangai,-19.8,-174.35,27.06,89,75,7.72,TO,1675382280
386,druzhba,52.0428,33.9453,-1.33,98,99,3.19,UA,1675382281
387,umba,66.6871,34.3429,-14.24,98,92,1.27,RU,1675382281
388,glendive,47.1053,-104.7125,-11.4,70,100,4.12,US,1675382282
389,sibolga,1.7427,98.7792,23.76,90,98,1.34,ID,1675382283
390,viedma,-40.8135,-62.9967,21.92,52,79,6.0,AR,1675382284
391,mount isa,-20.7333,139.5,26.87,41,27,7.2,AU,1675382285
392,bereda,43.2686,-7.5406,-1.03,100,7,0.3,ES,1675382285
393,chandbali,20.7833,86.7667,14.53,34,33,3.0,IN,1675382286
394,saldanha,-33.0117,17.9442,15.03,88,0,7.75,ZA,1675382287
395,horia,45.0167,28.45,-1.43,92,48,2.25,RO,1675382287
396,guerrero negro,27.9769,-114.0611,18.69,38,13,4.81,MX,1675382288
397,arlit,18.7369,7.3853,20.4,12,3,1.55,NE,1675382289
398,tchollire,8.4022,14.1698,23.52,21,3,1.39,CM,1675382290
399,rengo,-34.4167,-70.8667,32.18,14,0,1.11,CL,1675382290
400,atar,20.5169,-13.0499,19.19,14,32,5.85,MR,1675382291
401,myitkyina,25.3833,97.4,14.43,66,1,1.25,MM,1675382292
402,mandalgovi,45.7625,106.2708,-14.0,65,18,4.05,MN,1675382292
403,comodoro rivadavia,-45.8667,-67.5,23.92,27,0,5.14,AR,1675382133
404,palana,59.1167,159.9667,-16.82,90,15,2.59,RU,1675382293
405,camana,-16.6228,-72.7111,23.38,86,37,2.69,PE,1675382294
406,santiago,-33.4569,-70.6483,29.92,26,0,7.2,CL,1675381614
407,faya,18.3851,42.4509,9.29,57,1,1.36,SA,1675382295
408,diego de almagro,-26.3667,-70.05,22.08,40,0,3.1,CL,1675382295
409,floro,61.5996,5.0328,2.76,80,100,11.83,NO,1675382296
410,port hedland,-20.3167,118.5667,30.64,52,69,1.54,AU,1675382297
411,tomatlan,19.9333,-105.25,29.82,35,13,4.05,MX,1675382298
412,hofn,64.2539,-15.2082,1.79,73,69,5.71,IS,1675382298
413,oytal,42.9057,73.2697,2.11,90,97,1.09,KZ,1675382299
414,cabedelo,-6.9811,-34.8339,27.37,75,3,6.31,BR,1675382300
415,carballo,43.213,-8.691,7.68,82,0,1.7,ES,1675382301
416,japura,-0.3167,102.35,23.8,97,100,0.7,ID,1675382301
417,srednekolymsk,67.45,153.6833,-35.23,100,98,0.11,RU,1675382377
418,muli,2.9167,73.5667,26.68,67,87,5.39,MV,1675382378
419,khandbari,27.3747,87.2039,11.37,39,0,1.86,NP,1675382378
420,olinda,-8.0089,-34.8553,27.85,69,40,4.12,BR,1675382379
421,port hardy,50.6996,-127.4199,7.1,76,100,10.29,CA,1675382379
422,pangody,65.85,74.4859,-15.82,98,56,3.59,RU,1675382380
423,krasnorechenskiy,44.6265,135.3532,-17.04,81,86,4.09,RU,1675382381
424,nabire,-3.3667,135.4833,26.94,79,100,0.83,ID,1675382381
425,trincomalee,8.5711,81.2335,25.93,81,39,4.99,LK,1675382382
426,santa maria,-29.6842,-53.8069,24.61,83,40,3.09,BR,1675382383
427,wigston,52.5863,-1.1059,9.72,81,92,7.14,GB,1675382383
428,mayya,61.7333,130.2811,-40.38,98,100,1.54,RU,1675382384
429,anadyr,64.75,177.4833,-8.72,73,40,8.0,RU,1675382385
430,saquisili,-0.8333,-78.6667,14.18,70,20,6.69,EC,1675382385
431,linares,-35.85,-71.6,27.98,18,0,4.27,CL,1675382386
432,san vicente,-26.6167,-54.1333,22.4,79,61,1.65,AR,1675382099
433,corumba,-19.0092,-57.6533,25.32,80,90,0.86,BR,1675382387
434,ouro preto do oeste,-10.7481,-62.2158,23.4,95,56,1.86,BR,1675382387
435,san quintin,30.4833,-115.95,17.01,46,23,4.83,MX,1675382388
436,bucerias,20.75,-105.3333,24.43,82,70,1.83,MX,1675382389
437,rafaela,-31.2503,-61.4867,26.1,52,69,4.02,AR,1675382389
438,pangnirtung,66.1451,-65.7125,-29.0,69,20,2.57,CA,1675382390
439,portland,45.5234,-122.6762,10.6,51,75,3.13,US,1675381969
440,kiama,-34.6833,150.8667,25.88,47,5,1.34,AU,1675382392
441,abonnema,4.7084,6.7931,25.16,80,0,2.19,NG,1675382392
442,pundaguitan,6.3711,126.1689,26.77,77,68,6.44,PH,1675382393
443,baoqing,46.3317,132.2111,-19.2,87,9,2.4,CN,1675382394
444,roald,62.5833,6.1333,2.64,48,96,7.2,NO,1675382394
445,tiarei,-17.5333,-149.3333,31.01,80,3,7.98,PF,1675382395
446,shenjiamen,29.9576,122.298,5.8,82,100,5.03,CN,1675382396
447,caruray,10.3094,119.0128,26.36,83,93,4.88,PH,1675382396
448,oshikango,-17.4,15.8833,21.95,71,87,3.4,NA,1675382397
449,praia da vitoria,38.7333,-27.0667,14.86,94,40,8.38,PT,1675382398
450,dossor,47.5272,52.9811,-1.7,71,79,4.28,KZ,1675382398
451,upernavik,72.7868,-56.1549,-23.03,91,85,2.6,GL,1675382399
452,xining,36.6167,101.7667,-5.41,35,3,0.12,CN,1675382400
453,bilma,18.6853,12.9164,18.18,19,30,3.33,NE,1675382401
454,souillac,-20.5167,57.5167,25.21,88,75,0.0,MU,1675382401
455,dabakala,8.3667,-4.4333,27.66,33,3,0.19,CI,1675382402
456,seoul,37.5683,126.9778,-3.22,55,0,2.57,KR,1675382292
457,zhigansk,66.7697,123.3711,-34.83,99,100,2.9,RU,1675382405
458,stornoway,58.2093,-6.3865,6.98,81,75,10.29,GB,1675382407
459,oistins,13.0667,-59.5333,25.05,69,20,6.69,BB,1675382298
460,wellington,-41.2866,174.7756,23.66,86,75,8.75,NZ,1675382400
461,bara,10.3744,10.7288,22.16,27,82,3.87,NG,1675382415
462,am timan,11.0297,20.2827,25.39,18,12,4.23,TD,1675382421
463,phalodi,27.1333,72.3667,15.68,29,0,2.13,IN,1675382432
464,lieksa,63.3167,30.0167,-11.74,97,100,2.43,FI,1675382436
465,erzin,36.9559,36.2,4.57,45,0,1.42,TR,1675382436
466,bilibino,68.0546,166.4372,-16.52,94,100,0.81,RU,1675382437
467,san patricio,28.017,-97.5169,9.05,76,92,6.46,US,1675382438
468,praya,14.9215,-23.5087,21.3,73,75,9.77,CV,1675382439
469,oktyabrskoye,43.0645,44.7417,-0.92,93,100,2.0,RU,1675382439
470,ngunguru,-35.6167,174.5,21.47,93,100,5.34,NZ,1675382440
471,thinadhoo,0.5333,72.9333,27.84,64,32,5.91,MV,1675382441
472,antiguo morelos,22.5495,-99.0812,19.43,59,64,4.5,MX,1675382442
473,honiara,-9.4333,159.95,29.26,73,90,1.81,SB,1675382442
474,zeya,53.75,127.2667,-30.88,98,41,1.03,RU,1675382443
475,sao filipe,14.8961,-24.4956,21.99,70,54,3.99,CV,1675382444
476,kavieng,-2.5744,150.7967,29.13,69,86,2.73,PG,1675382444
477,anshun,26.25,105.9333,7.02,82,100,0.83,CN,1675382445
478,ponnani,10.767,75.9252,24.62,71,96,3.26,IN,1675382446
479,klaksvik,62.2266,-6.589,5.51,75,95,16.48,FO,1675382447
480,manggar,-2.8833,108.2667,25.97,84,91,1.71,ID,1675382447
481,monrovia,6.3005,-10.7969,24.87,90,8,3.12,LR,1675382434
482,zyryanka,65.75,150.85,-33.2,100,96,1.01,RU,1675382449
483,geraldton,-28.7667,114.6,32.23,13,29,12.35,AU,1675382450
484,magan,39.9683,-3.931,5.85,58,0,1.23,ES,1675382451
485,flinders,-34.5833,150.8552,25.77,48,4,7.15,AU,1675382451
486,tuy hoa,13.0833,109.3,23.5,94,82,2.7,VN,1675382452
487,changchun,43.88,125.3228,-15.02,74,21,2.81,CN,1675382406
488,gambela,8.25,34.5833,27.08,24,90,1.05,ET,1675382453
489,usinsk,65.9939,57.5281,-6.73,95,100,6.64,RU,1675382454
490,wewak,-3.5534,143.6268,28.57,67,100,1.3,PG,1675382454
491,halapitan,7.9175,125.33,23.54,85,86,1.69,PH,1675382455
492,mopipi,-21.1833,24.8833,24.28,67,90,4.34,BW,1675382456
493,syracuse,37.0881,15.2792,5.77,70,55,2.13,IT,1675382275
494,kharan,28.5833,65.4167,14.55,37,3,1.78,PK,1675382457
495,peace river,56.2501,-117.286,-11.83,78,100,4.12,CA,1675382458
496,halifax,44.6453,-63.5724,-1.55,80,75,4.12,CA,1675382251
497,kupang,-10.1667,123.5833,25.32,100,100,0.51,ID,1675382459
498,muros,42.7762,-9.0603,3.94,93,0,2.19,ES,1675382459
499,kaka,37.3482,59.6143,5.44,79,0,1.86,TM,1675382460
500,galesong,-5.3166,119.3661,23.01,91,100,2.83,ID,1675382461
501,dryden,49.7833,-92.7503,-25.84,53,0,5.14,CA,1675382463
502,axim,4.8699,-2.2405,26.24,88,8,2.24,GH,1675382464
503,mehamn,71.0357,27.8492,-6.03,86,40,4.12,NO,1675382466
504,vicksburg,32.3526,-90.8779,3.85,100,100,6.69,US,1675382280
505,maneromango,-7.1988,38.7848,21.34,98,87,0.89,TZ,1675382467
506,isiro,2.7739,27.616,19.47,63,68,1.23,CD,1675382469
507,mineros,-17.1167,-63.2333,24.0,91,86,0.43,BO,1675382470
508,arbuzynka,47.9097,31.3196,-0.81,90,71,2.72,UA,1675382471
509,itarema,-2.9248,-39.9167,26.15,81,99,5.02,BR,1675382473
510,kirakira,-10.4544,161.9205,29.13,74,69,1.72,SB,1675382475
511,saint-augustin,51.226,-58.6502,-17.85,95,81,2.41,CA,1675382477
512,huarmey,-10.0681,-78.1522,23.05,79,75,4.22,PE,1675382481
513,robertsport,6.7533,-11.3686,26.01,89,13,3.53,LR,1675382483
514,eyl,7.9803,49.8164,22.83,72,15,6.9,SO,1675382487
515,correntina,-13.3433,-44.6367,22.11,78,74,1.22,BR,1675382488
516,vallenar,-28.5708,-70.7581,24.0,45,0,2.06,CL,1675382489
517,san agustin,20.5333,-103.4667,26.4,20,37,1.63,MX,1675382489
518,shihezi,44.3,86.0333,-15.58,91,67,2.18,CN,1675382490
519,bairiki,1.3292,172.9752,30.0,70,20,4.12,KI,1675382491
520,pimentel,-6.8367,-79.9342,24.16,69,75,6.69,PE,1675382492
521,bartica,6.4,-58.6167,25.18,95,60,1.28,GY,1675382492
522,south lake tahoe,38.9332,-119.9844,6.84,41,91,1.79,US,1675382493
523,chicama,-7.8447,-79.1469,21.3,68,37,3.2,PE,1675382494
524,vardo,70.3705,31.1107,-8.01,93,20,3.09,NO,1675382494
525,tura,25.5198,90.2201,13.35,63,14,1.46,IN,1675382495
526,pisco,-13.7,-76.2167,24.03,78,40,9.26,PE,1675382496
527,zatoka,46.0725,30.4654,1.45,84,59,3.11,UA,1675382496
528,bougouni,11.417,-7.479,25.83,13,71,2.35,ML,1675382497
